{"cameraMode":{"drawMode":0,"name":"Shaded","section":"Shading Mode"},"sceneLighting":false,"audioPlay":false,"sceneViewState":{"showFog":true,"showMaterialUpdate":false,"showSkybox":false,"showFlares":true,"showImageEffects":true,"showParticleSystems":true},"in2DMode":false,"pivot":{"x":-2.1049845218658449,"y":4.673058986663818,"z":-5.837922096252441},"rotation":{"x":-0.23944906890392304,"y":-0.011071405373513699,"z":0.0027219709008932115,"w":-0.970859706401825},"size":4.766025543212891,"orthographic":false}