{"cameraMode":{"drawMode":0,"name":"Shaded","section":"Shading Mode"},"sceneLighting":true,"audioPlay":false,"sceneViewState":{"showFog":true,"showMaterialUpdate":false,"showSkybox":true,"showFlares":true,"showImageEffects":true,"showParticleSystems":true},"in2DMode":false,"pivot":{"x":0.09036490321159363,"y":3.4391775131225588,"z":-5.044001579284668},"rotation":{"x":0.147954523563385,"y":0.0035616946406662466,"z":-0.0005324635421857238,"w":0.9889912009239197},"size":5.966026306152344,"orthographic":false}