{"cameraMode":{"drawMode":0,"name":"Shaded","section":"Shading Mode"},"sceneLighting":true,"audioPlay":false,"sceneViewState":{"showFog":true,"showMaterialUpdate":false,"showSkybox":true,"showFlares":true,"showImageEffects":true,"showParticleSystems":true},"in2DMode":false,"pivot":{"x":-0.03609547019004822,"y":-0.15462970733642579,"z":-3.1333417892456056},"rotation":{"x":0.24788837134838105,"y":-0.0008698320598341525,"z":0.00022268391330726445,"w":0.9687885642051697},"size":8.975966453552246,"orthographic":false}