{"cameraMode":{"drawMode":0,"name":"Shaded","section":"Shading Mode"},"sceneLighting":true,"audioPlay":false,"sceneViewState":{"showFog":true,"showMaterialUpdate":false,"showSkybox":true,"showFlares":true,"showImageEffects":true,"showParticleSystems":true},"in2DMode":false,"pivot":{"x":-9.456358909606934,"y":2.2337863445281984,"z":-14.473946571350098},"rotation":{"x":-0.05711923539638519,"y":0.2130821794271469,"z":0.012479784898459912,"w":0.9752854704856873},"size":1.290994644165039,"orthographic":false}